business_id,name,address,city,state,postal_code,latitude,longitude,stars,review_count,is_open,attributes,categories,hours,photo_id,caption,label
x2J-YIFeGZ-nsezzooVA9g,Twenty 21,2005 Market St,Philadelphia,PA,19103,39.9541083,-75.1746706,3.0,8,0,"{'BusinessAcceptsCreditCards': 'True', 'RestaurantsDelivery': 'False', 'RestaurantsTakeOut': 'False', 'RestaurantsGoodForGroups': 'True', 'GoodForKids': 'False', 'RestaurantsPriceRange2': '3', 'RestaurantsAttire': ""'casual'"", 'BusinessParking': ""{'garage': False, 'street': True, 'validated': False, 'lot': False, 'valet': False}"", 'Alcohol': ""u'full_bar'"", 'RestaurantsReservations': 'True', 'OutdoorSeating': 'True'}",Restaurants,,0d-eoQWWWH7ylPlWoYvqMw,,inside
x2J-YIFeGZ-nsezzooVA9g,Twenty 21,2005 Market St,Philadelphia,PA,19103,39.9541083,-75.1746706,3.0,8,0,"{'BusinessAcceptsCreditCards': 'True', 'RestaurantsDelivery': 'False', 'RestaurantsTakeOut': 'False', 'RestaurantsGoodForGroups': 'True', 'GoodForKids': 'False', 'RestaurantsPriceRange2': '3', 'RestaurantsAttire': ""'casual'"", 'BusinessParking': ""{'garage': False, 'street': True, 'validated': False, 'lot': False, 'valet': False}"", 'Alcohol': ""u'full_bar'"", 'RestaurantsReservations': 'True', 'OutdoorSeating': 'True'}",Restaurants,,Dt43vPBIYBXKLu0Sg5qU9A,,inside
VlrSuulqTFeQfV2PToJGvg,Fung Garden,5118 Gall Blvd,Zephyrhills,FL,33542,28.232059,-82.180394,3.5,8,0,"{'RestaurantsTakeOut': 'True', 'HasTV': 'False', 'BusinessAcceptsCreditCards': 'True', 'RestaurantsGoodForGroups': 'True', 'Alcohol': ""u'none'"", 'NoiseLevel': ""u'average'"", 'RestaurantsDelivery': 'False', 'RestaurantsAttire': ""'casual'"", 'RestaurantsReservations': 'False', 'BusinessParking': ""{'garage': False, 'street': False, 'validated': False, 'lot': True, 'valet': False}"", 'Caters': 'True', 'RestaurantsPriceRange2': '1', 'Ambience': ""{'romantic': False, 'intimate': False, 'touristy': False, 'hipster': False, 'divey': False, 'classy': False, 'trendy': False, 'upscale': False, 'casual': False}"", 'OutdoorSeating': 'False', 'GoodForKids': 'True'}",Restaurants,"{'Monday': '10:0-21:0', 'Tuesday': '10:0-21:0', 'Wednesday': '10:0-21:0', 'Thursday': '10:0-21:0', 'Friday': '10:0-21:0', 'Saturday': '10:0-21:0', 'Sunday': '10:0-21:0'}",,,
mFE9V6LPpsDRUQLEBsBRRA,Pearl of East,2049 W Oregon Ave,Philadelphia,PA,19145,39.9186353,-75.1824221,3.0,17,1,"{'RestaurantsGoodForGroups': 'False', 'BusinessAcceptsCreditCards': 'False', 'OutdoorSeating': 'False', 'RestaurantsTakeOut': 'True', 'GoodForKids': 'False', 'RestaurantsReservations': 'True', 'Alcohol': ""u'none'"", 'BusinessParking': ""{'garage': False, 'street': False, 'validated': False, 'lot': False, 'valet': False}"", 'RestaurantsPriceRange2': '2', 'RestaurantsDelivery': 'True', 'Ambience': ""{'romantic': False, 'intimate': False, 'touristy': False, 'hipster': False, 'divey': False, 'classy': False, 'trendy': False, 'upscale': False, 'casual': False}"", 'HasTV': 'True', 'Caters': 'False'}",Restaurants,"{'Monday': '10:30-22:30', 'Tuesday': '10:30-22:30', 'Wednesday': '10:30-22:30', 'Thursday': '10:30-22:30', 'Friday': '10:30-23:30', 'Saturday': '11:0-23:30', 'Sunday': '12:0-22:30'}",,,
BXUqeFDqvTK2uL6sQd5YnQ,Crazy D’s Hot Chicken,101 University Ter,Reno,NV,89503,39.5362876,-119.818231,3.5,37,1,"{'RestaurantsTakeOut': 'True', 'RestaurantsDelivery': 'True', 'BusinessParking': ""{u'valet': False, u'garage': False, u'street': False, u'lot': True, u'validated': False}"", 'RestaurantsPriceRange2': '2'}",Restaurants,,tWbqS81MHL1BioLPpqpaDg,Combo #3,food
BXUqeFDqvTK2uL6sQd5YnQ,Crazy D’s Hot Chicken,101 University Ter,Reno,NV,89503,39.5362876,-119.818231,3.5,37,1,"{'RestaurantsTakeOut': 'True', 'RestaurantsDelivery': 'True', 'BusinessParking': ""{u'valet': False, u'garage': False, u'street': False, u'lot': True, u'validated': False}"", 'RestaurantsPriceRange2': '2'}",Restaurants,,YCFpnjESwJiX3jzQZAZhTA,Combo #2 Crazy,food
Bf1cdbdHXi8Omlkc7KShkg,Siam Cafe,435 Esplanade Ave,New Orleans,LA,70116,29.9619675,-90.0573559,4.0,9,0,"{'RestaurantsGoodForGroups': 'True', 'RestaurantsPriceRange2': '1', 'BusinessParking': ""{'garage': False, 'street': False, 'validated': False, 'lot': False, 'valet': False}"", 'RestaurantsAttire': ""'casual'"", 'GoodForKids': 'False', 'OutdoorSeating': 'True'}",Restaurants,,,,
h5WHp4sVy7v1ezQ95Q5Aqg,Grace Manor Restaurant,1801 N Main St,Edwardsville,IL,62025,38.8222051,-89.9679834,3.0,11,0,"{'WiFi': ""u'no'"", 'RestaurantsAttire': ""u'casual'"", 'NoiseLevel': ""u'quiet'"", 'BusinessAcceptsCreditCards': 'True', 'RestaurantsDelivery': 'False', 'GoodForKids': 'True', 'BusinessParking': ""{'garage': False, 'street': False, 'validated': False, 'lot': True, 'valet': False}"", 'RestaurantsReservations': 'True', 'RestaurantsGoodForGroups': 'True', 'OutdoorSeating': 'True', 'RestaurantsPriceRange2': '3', 'Alcohol': ""u'full_bar'"", 'Ambience': ""{'romantic': False, 'intimate': False, 'touristy': False, 'hipster': False, 'divey': False, 'classy': False, 'trendy': False, 'upscale': False, 'casual': False}"", 'RestaurantsTakeOut': 'True'}",Restaurants,"{'Tuesday': '11:0-15:0', 'Wednesday': '11:0-20:0', 'Thursday': '11:0-20:0', 'Friday': '11:0-20:0', 'Saturday': '11:0-20:0', 'Sunday': '10:0-14:0'}",,,
WMGc5a7s6K5xX9JPTiRppQ,Curry In A Hurry,612 Olive St,Saint Louis,MO,63101,38.628037,-90.190875,2.5,5,0,"{'RestaurantsGoodForGroups': 'True', 'BusinessAcceptsCreditCards': 'True', 'RestaurantsTakeOut': 'True', 'GoodForKids': 'True', 'OutdoorSeating': 'False', 'RestaurantsAttire': ""'casual'"", 'RestaurantsReservations': 'False', 'RestaurantsPriceRange2': '1'}",Restaurants,,,,
TCdNYh5tdjoNmA1WMx3ZPg,Roselena's,1623 E Passyunk Ave,Philadelphia,PA,19148,39.929374,-75.1638426,4.0,10,0,"{'RestaurantsGoodForGroups': 'True', 'Alcohol': ""'none'"", 'BusinessParking': ""{'garage': False, 'street': True, 'validated': False, 'lot': False, 'valet': False}"", 'OutdoorSeating': 'True', 'RestaurantsPriceRange2': '1', 'RestaurantsAttire': ""'casual'"", 'BusinessAcceptsCreditCards': 'True', 'BYOBCorkage': ""'yes_free'"", 'GoodForKids': 'False'}",Restaurants,,,,
IAQZu_JHv76rsgcHgZGbMA,Joe Sepie's,4402 Jefferson Hwy,New Orleans,LA,70121,29.959323,-90.1720183,3.0,5,0,"{'WiFi': ""u'no'"", 'BusinessAcceptsCreditCards': 'True', 'GoodForKids': 'True', 'NoiseLevel': ""u'quiet'"", 'RestaurantsPriceRange2': '2', 'Alcohol': ""u'none'"", 'OutdoorSeating': 'False', 'BusinessParking': ""{'garage': False, 'street': False, 'validated': False, 'lot': False, 'valet': False}"", 'RestaurantsReservations': 'False', 'RestaurantsDelivery': 'False', 'RestaurantsTakeOut': 'True', 'RestaurantsAttire': ""u'casual'"", 'Ambience': ""{'romantic': False, 'intimate': False, 'touristy': False, 'hipster': False, 'divey': False, 'classy': False, 'trendy': False, 'upscale': False, 'casual': False}"", 'HasTV': 'True'}",Restaurants,,,,
vb9VqzcTk3pUWuyWwTV0tg,Pyramids Cafe,1000 Rivergate Pkwy,Goodlettsville,TN,37072,36.303462,-86.696914,4.0,8,1,"{'NoiseLevel': ""u'loud'"", 'BusinessAcceptsCreditCards': 'True', 'OutdoorSeating': 'False', 'RestaurantsReservations': 'False', 'BusinessParking': ""{'garage': False, 'street': False, 'validated': False, 'lot': False, 'valet': False}"", 'RestaurantsAttire': ""u'casual'"", 'RestaurantsPriceRange2': '1', 'RestaurantsTakeOut': 'True', 'Alcohol': ""u'none'"", 'HasTV': 'True', 'Ambience': ""{'touristy': False, 'hipster': False, 'romantic': False, 'divey': False, 'intimate': False, 'trendy': False, 'upscale': False, 'classy': False, 'casual': False}"", 'GoodForMeal': ""{'dessert': False, 'latenight': False, 'lunch': False, 'dinner': False, 'brunch': False, 'breakfast': False}"", 'RestaurantsDelivery': 'False'}",Restaurants,,,,
MjBfqjOH8tTZ3dBTpbMVmQ,Vfw Post 3944,10817 Midland Blvd,Saint Louis,MO,63114,38.703965,-90.398387,5.0,8,1,"{'RestaurantsGoodForGroups': 'True', 'RestaurantsReservations': 'False', 'BusinessAcceptsCreditCards': 'True', 'RestaurantsDelivery': 'False', 'OutdoorSeating': 'False', 'GoodForKids': 'False', 'RestaurantsAttire': ""'casual'"", 'RestaurantsPriceRange2': '1', 'RestaurantsTakeOut': 'True'}",Restaurants,,DEqLCg7MHPBax99azGB4mA,Kareoke on a Friday night 7- 11 pm,inside
dOwN9-8QD4xwErNEMU_dMA,Waterside Cafe,"4925 Independence Pkwy, Ste 130",Tampa,FL,33634,27.9784761,-82.5499481,2.5,5,1,"{'Ambience': ""{'romantic': False, 'intimate': False, 'classy': False, 'hipster': False, 'divey': False, 'touristy': False, 'trendy': False, 'upscale': False, 'casual': False}"", 'Caters': 'False', 'NoiseLevel': ""'loud'"", 'RestaurantsPriceRange2': '1', 'Alcohol': ""'none'"", 'BikeParking': 'True', 'RestaurantsDelivery': 'False', 'RestaurantsReservations': 'False', 'RestaurantsTakeOut': 'True', 'BusinessAcceptsCreditCards': 'True', 'HasTV': 'True', 'RestaurantsAttire': ""'casual'"", 'OutdoorSeating': 'True', 'RestaurantsGoodForGroups': 'True', 'GoodForKids': 'False', 'BusinessParking': ""{'garage': True, 'street': False, 'validated': False, 'lot': True, 'valet': False}""}",Restaurants,"{'Friday': '6:30-11:0', 'Saturday': '6:30-11:0', 'Sunday': '6:30-11:0'}",,,
x2xQUz1YfOzy5A9FRuCpMw,Passage To India,1320 Walnut St,Philadelphia,PA,19107,39.9489511,-75.1630431,3.0,23,0,"{'OutdoorSeating': 'False', 'RestaurantsPriceRange2': '1', 'BusinessAcceptsCreditCards': 'True', 'RestaurantsDelivery': 'True', 'Alcohol': ""'beer_and_wine'"", 'RestaurantsTakeOut': 'True', 'RestaurantsAttire': ""'casual'"", 'RestaurantsGoodForGroups': 'True', 'GoodForKids': 'True', 'BusinessParking': ""{'garage': False, 'street': True, 'validated': False, 'lot': False, 'valet': False}""}",Restaurants,,,,
fLZ8IpBPsDjFzl7zuXRZ9w,Zachs Famous Donair,7609 38 Ave NW,Edmonton,AB,T6K 3L6,53.4722697,-113.4504354,4.5,7,1,"{'RestaurantsAttire': ""u'casual'"", 'RestaurantsGoodForGroups': 'True', 'Alcohol': ""u'none'"", 'RestaurantsTakeOut': 'True', 'OutdoorSeating': 'False', 'NoiseLevel': ""u'average'"", 'RestaurantsPriceRange2': '1', 'RestaurantsReservations': 'False', 'GoodForKids': 'True', 'HasTV': 'True', 'RestaurantsDelivery': 'False'}",Restaurants,,,,
TsohTE3w1br2m0Nb-tDRDA,Dairyland,501 S Main St,Dupo,IL,62239,38.514134,-90.209721,5.0,10,1,"{'Alcohol': ""u'none'"", 'GoodForKids': 'True', 'RestaurantsGoodForGroups': 'True', 'OutdoorSeating': 'True', 'Caters': 'False', 'RestaurantsPriceRange2': '1', 'BusinessParking': ""{'garage': False, 'street': True, 'validated': False, 'lot': False, 'valet': False}"", 'RestaurantsTakeOut': 'True', 'RestaurantsAttire': ""u'casual'"", 'HasTV': 'True', 'Ambience': ""{'touristy': False, 'hipster': False, 'romantic': False, 'divey': False, 'intimate': False, 'trendy': False, 'upscale': False, 'classy': False, 'casual': False}""}",Restaurants,,,,
fLCEZNLO9CFDZd9ItF3sig,Arelis Restaurant,2198 River Ave,Camden,NJ,08105,39.9528591,-75.0966681,2.5,7,1,"{'BusinessAcceptsCreditCards': 'True', 'GoodForKids': 'True', 'RestaurantsPriceRange2': '1', 'RestaurantsReservations': 'False', 'RestaurantsTakeOut': 'True', 'Alcohol': ""u'none'"", 'RestaurantsGoodForGroups': 'False', 'RestaurantsAttire': ""'casual'"", 'HasTV': 'True', 'OutdoorSeating': 'False', 'Ambience': ""{'touristy': False, 'hipster': False, 'romantic': False, 'divey': False, 'intimate': False, 'trendy': False, 'upscale': False, 'classy': False, 'casual': False}"", 'RestaurantsDelivery': 'True'}",Restaurants,,,,
4qie_VdA-vTitNFl36F9Pw,Kelly's For Just About Anything,319 Main,Clearwater,FL,33755,28.0116750414,-82.7883693274,4.0,12,0,"{'BusinessAcceptsCreditCards': 'True', 'OutdoorSeating': 'True', 'RestaurantsGoodForGroups': 'True', 'RestaurantsAttire': ""'casual'"", 'RestaurantsReservations': 'True', 'GoodForKids': 'True', 'Alcohol': ""u'full_bar'"", 'NoiseLevel': ""u'loud'"", 'HasTV': 'False', 'RestaurantsDelivery': 'False', 'WiFi': ""u'no'"", 'BusinessParking': ""{'garage': False, 'street': True, 'validated': False, 'lot': False, 'valet': False}"", 'RestaurantsPriceRange2': '2', 'Ambience': ""{'romantic': False, 'intimate': False, 'touristy': False, 'hipster': True, 'divey': False, 'classy': False, 'trendy': False, 'upscale': False, 'casual': True}""}",Restaurants,,,,
yHtS6dj20tl3ht32w6K6Qw,Stateside Restaurant & Lounge,1114 State St,Santa Barbara,CA,93190,34.423044,-119.703208,2.5,10,0,"{'BusinessParking': ""{'garage': False, 'street': True, 'validated': False, 'lot': False, 'valet': False}"", 'RestaurantsReservations': 'True', 'RestaurantsGoodForGroups': 'True', 'Alcohol': ""u'full_bar'"", 'BYOBCorkage': ""'no'"", 'RestaurantsPriceRange2': '2', 'RestaurantsAttire': ""u'casual'"", 'OutdoorSeating': 'True', 'GoodForKids': 'False', 'BusinessAcceptsCreditCards': 'True', 'HappyHour': 'True', 'RestaurantsDelivery': 'False'}",Restaurants,,,,
3tTVN74KJAN0z1DJ_dsE6w,Susie's Family Restaurant,6476 Ridge Rd,Port Richey,FL,34668,28.2792732,-82.7076932,4.5,13,1,"{'BusinessAcceptsCreditCards': 'True', 'RestaurantsDelivery': 'False', 'RestaurantsTakeOut': 'True', 'RestaurantsGoodForGroups': 'True', 'Caters': 'False', 'RestaurantsReservations': 'False', 'RestaurantsAttire': ""u'casual'"", 'NoiseLevel': ""u'average'"", 'RestaurantsPriceRange2': '1', 'WiFi': ""u'no'"", 'OutdoorSeating': 'False', 'GoodForKids': 'True', 'GoodForMeal': ""{u'breakfast': True, u'brunch': None, u'lunch': None, u'dinner': None, u'latenight': None, u'dessert': None}"", 'BikeParking': 'False', 'Alcohol': ""'none'"", 'HasTV': 'True', 'Ambience': ""{u'divey': None, u'hipster': None, u'casual': True, u'touristy': None, u'trendy': None, u'intimate': None, u'romantic': None, u'classy': None, u'upscale': False}"", 'BusinessParking': ""{u'valet': False, u'garage': None, u'street': False, u'lot': True, u'validated': None}""}",Restaurants,,,,
9dsBxz6xlVTjpNZXFQ7xuw,Jay's Crab House,701 E Baltimore Ave,Lansdowne,PA,19050,39.9407892,-75.2596751,2.5,6,1,,Restaurants,,,,
cUi8TwIH_dt91b_KfPRdTg,Bing Lau Chop Suey,3101 N Grand Blvd,Saint Louis,MO,63107,38.6587132,-90.2188773,4.5,6,1,"{'Ambience': ""{'touristy': False, 'hipster': False, 'romantic': False, 'divey': False, 'intimate': False, 'trendy': False, 'upscale': False, 'classy': False, 'casual': False}"", 'RestaurantsTakeOut': 'True', 'RestaurantsPriceRange2': '1', 'RestaurantsAttire': ""u'casual'"", 'BusinessParking': ""{'garage': False, 'street': False, 'validated': False, 'lot': False, 'valet': False}"", 'Alcohol': ""u'none'"", 'HasTV': 'True', 'NoiseLevel': ""u'average'"", 'WiFi': ""u'no'""}",Restaurants,,,,
HdV1pzSFK7kpgd60AKUHyQ,Buca Di Beppo,2301 Rt 38,Cherry Hill,NJ,08002,39.9394262,-75.0131112,3.0,10,0,"{'RestaurantsPriceRange2': '2', 'BusinessAcceptsCreditCards': 'True', 'OutdoorSeating': 'False', 'RestaurantsDelivery': 'False', 'RestaurantsReservations': 'False', 'GoodForKids': 'True', 'RestaurantsAttire': ""u'casual'"", 'Alcohol': ""u'full_bar'"", 'RestaurantsGoodForGroups': 'True', 'BusinessParking': ""{'garage': False, 'street': False, 'validated': False, 'lot': False, 'valet': False}""}",Restaurants,,,,
gRHfRxTqaf_oUapIB9MMUA,Cosi,3828 Kennett Pike Ste A,Greenville,DE,19807,39.7752937,-75.5972641,3.0,8,0,,Restaurants,,,,
q7mT2AVq7uG_1kmph-NYXw,Seaside Inn Restaurant & Lounge,5330 Treadway Dr,Port Richey,FL,34668,28.2733478,-82.7264741,3.0,16,1,"{'RestaurantsTakeOut': 'True', 'HasTV': 'True', 'NoiseLevel': ""u'average'"", 'RestaurantsPriceRange2': '2', 'Ambience': ""{'romantic': False, 'intimate': False, 'touristy': False, 'hipster': False, 'divey': False, 'classy': False, 'trendy': False, 'upscale': False, 'casual': False}"", 'BusinessParking': ""{'garage': False, 'street': False, 'validated': False, 'lot': True, 'valet': False}"", 'RestaurantsDelivery': 'False', 'BusinessAcceptsCreditCards': 'True', 'RestaurantsAttire': ""u'casual'"", 'RestaurantsGoodForGroups': 'True', 'Alcohol': ""u'full_bar'"", 'OutdoorSeating': 'True', 'GoodForKids': 'True', 'WiFi': ""'free'"", 'BikeParking': 'True', 'RestaurantsReservations': 'False'}",Restaurants,,,,
qaPADjsU6c0Ufho0zdL6Yw,Azure,931 N 2nd St,Philadelphia,PA,19123,39.9648195,-75.1402322,3.5,22,0,"{'RestaurantsGoodForGroups': 'True', 'RestaurantsReservations': 'True', 'RestaurantsTakeOut': 'True', 'BusinessAcceptsCreditCards': 'True', 'BusinessParking': ""{'garage': False, 'street': True, 'validated': False, 'lot': False, 'valet': False}"", 'BYOBCorkage': ""'no'"", 'RestaurantsAttire': ""'casual'"", 'GoodForKids': 'True', 'OutdoorSeating': 'True', 'Alcohol': ""'full_bar'"", 'RestaurantsPriceRange2': '2'}",Restaurants,,TPuLqXILkgmYORcz-W9Lxg,,food
Y16H2fSdBeriQgDD_A-aFw,Margaritaville Store,1 French Market Pl,New Orleans,LA,70116,29.9597761,-90.0597181,3.5,6,0,{'HasTV': 'False'},Restaurants,,,,
Bzsh379eU98B4IRDogy8Wg,Micron Cafeteria,8000 S Federal Way,Boise,ID,83716,43.503081,-116.116968,4.0,7,1,"{'NoiseLevel': ""u'loud'"", 'BusinessParking': 'None', 'RestaurantsTakeOut': 'True', 'Alcohol': ""u'none'"", 'GoodForKids': 'False', 'RestaurantsGoodForGroups': 'True', 'Caters': 'False', 'RestaurantsAttire': ""u'casual'"", 'RestaurantsReservations': 'False', 'RestaurantsPriceRange2': '1', 'BusinessAcceptsCreditCards': 'True', 'RestaurantsDelivery': 'False', 'OutdoorSeating': 'True', 'HasTV': 'True'}",Restaurants,,,,
PG1L06w6sonKGsTJEbCZIQ,Kebab Gyros,3416 Nolensville Pike,Nashville,TN,37211,36.0989706,-86.7387889,4.5,10,1,"{'RestaurantsTakeOut': 'True', 'GoodForKids': 'True', 'BusinessAcceptsCreditCards': 'True', 'WiFi': ""u'no'"", 'NoiseLevel': ""u'quiet'"", 'RestaurantsPriceRange2': '1', 'RestaurantsReservations': 'False', 'RestaurantsAttire': ""u'casual'"", 'RestaurantsGoodForGroups': 'True', 'Alcohol': ""u'none'"", 'BusinessParking': ""{'garage': False, 'street': False, 'validated': False, 'lot': True, 'valet': False}"", 'Ambience': ""{'romantic': False, 'intimate': False, 'classy': False, 'hipster': False, 'divey': False, 'touristy': False, 'trendy': False, 'upscale': False, 'casual': False}"", 'OutdoorSeating': 'False', 'HasTV': 'True', 'BikeParking': 'True', 'RestaurantsDelivery': 'None'}",Restaurants,,,,
7RSsRMQCO2l0GpGjlvEFfA,Ale Yard & Tap Grill,13310 - 137 Avenue NW,Edmonton,AB,T5L 4Z6,53.6002702,-113.5513966,2.0,23,0,"{'RestaurantsPriceRange2': '2', 'GoodForKids': 'True', 'NoiseLevel': ""u'average'"", 'RestaurantsTakeOut': 'True', 'Alcohol': ""u'full_bar'"", 'Caters': 'False', 'Ambience': ""{'romantic': False, 'intimate': False, 'classy': False, 'hipster': False, 'divey': False, 'touristy': False, 'trendy': False, 'upscale': False, 'casual': True}"", 'RestaurantsDelivery': 'False', 'RestaurantsReservations': 'True', 'HasTV': 'True', 'OutdoorSeating': 'True', 'RestaurantsAttire': ""u'casual'"", 'RestaurantsGoodForGroups': 'True', 'BusinessParking': ""{'garage': False, 'street': False, 'validated': False, 'lot': True, 'valet': False}"", 'WiFi': ""u'free'""}",Restaurants,,,,
vBxlK7iOH9klZsg-z2dUzA,Moore's Restaurant,7309 Old Saint Louis Rd,Belleville,IL,62223,38.546817,-90.053495,3.5,22,1,"{'RestaurantsReservations': 'False', 'RestaurantsGoodForGroups': 'False', 'RestaurantsTakeOut': 'True', 'RestaurantsDelivery': 'False', 'RestaurantsPriceRange2': '1', 'RestaurantsAttire': ""u'casual'"", 'BusinessAcceptsCreditCards': 'True', 'OutdoorSeating': 'False', 'Alcohol': ""u'none'"", 'GoodForKids': 'True', 'Ambience': ""{'touristy': False, 'hipster': False, 'romantic': False, 'divey': False, 'intimate': False, 'trendy': False, 'upscale': False, 'classy': False, 'casual': False}"", 'BusinessParking': ""{'garage': False, 'street': False, 'validated': False, 'lot': True, 'valet': False}"", 'HasTV': 'True'}",Restaurants,,,,
hvPn075YLp6uy8tDC_ic3Q,Authentic Nashville,8 Hangar Ln,Nashville,TN,37214,36.1202640736,-86.6737144524,1.5,9,1,"{'HasTV': 'True', 'Ambience': ""{'touristy': False, 'hipster': False, 'romantic': False, 'divey': False, 'intimate': False, 'trendy': False, 'upscale': False, 'classy': False, 'casual': False}""}",Restaurants,,,,
WAQJdnmEZqlBmYu-mlXFPA,Adam's Shawarma and Donair,12556-132 Avenue,Edmonton,AB,T5L 3P9,53.5922338,-113.5388205,3.0,5,0,,Restaurants,,,,
OAs42PSxiaPS25sO8Vtfiw,Lets Wok,6258 N Broad St,Philadelphia,PA,19141,40.0494003,-75.143,4.0,5,1,"{'RestaurantsPriceRange2': '1', 'Alcohol': ""u'none'"", 'RestaurantsTakeOut': 'True', 'Ambience': ""{'romantic': False, 'intimate': False, 'classy': False, 'hipster': False, 'divey': False, 'touristy': False, 'trendy': False, 'upscale': False, 'casual': False}"", 'BusinessParking': ""{'garage': False, 'street': False, 'validated': False, 'lot': False, 'valet': False}"", 'RestaurantsAttire': ""u'casual'"", 'NoiseLevel': ""u'average'"", 'OutdoorSeating': 'False', 'BusinessAcceptsCreditCards': 'False', 'RestaurantsDelivery': 'True', 'Caters': 'False', 'WiFi': ""'no'"", 'GoodForKids': 'False', 'RestaurantsReservations': 'False', 'RestaurantsGoodForGroups': 'False', 'BikeParking': 'True', 'HasTV': 'True'}",Restaurants,,,,
iLT6EshGvA9yMdLTqeIE_Q,Michael's Diner Restaurant,719 S Broadway,Pennsville,NJ,08070,39.61127,-75.501917,2.5,5,0,"{'Ambience': ""{'romantic': False, 'intimate': False, 'touristy': False, 'hipster': False, 'divey': False, 'classy': False, 'trendy': False, 'upscale': False, 'casual': False}"", 'BusinessAcceptsCreditCards': 'True', 'BusinessParking': ""{'garage': False, 'street': False, 'validated': False, 'lot': True, 'valet': False}"", 'RestaurantsAttire': ""u'casual'"", 'NoiseLevel': ""u'average'"", 'RestaurantsTakeOut': 'True', 'RestaurantsGoodForGroups': 'True', 'RestaurantsReservations': 'True', 'Caters': 'True', 'WiFi': ""u'no'"", 'RestaurantsPriceRange2': '2', 'RestaurantsDelivery': 'False', 'HasTV': 'True', 'Alcohol': ""u'none'"", 'OutdoorSeating': 'False', 'GoodForKids': 'True'}",Restaurants,"{'Monday': '6:0-22:0', 'Tuesday': '6:0-22:0', 'Wednesday': '6:0-22:0', 'Thursday': '6:0-22:0', 'Friday': '6:0-22:0', 'Saturday': '6:0-22:0', 'Sunday': '6:0-22:0'}",,,
_odbPl91mJbD1a9ws74mnQ,Mias Eatery,18 W Airline Hwy,Kenner,LA,70062,29.9812383,-90.2748674,4.5,7,1,"{'BusinessParking': ""{'garage': False, 'street': False, 'validated': False, 'lot': False, 'valet': False}"", 'GoodForMeal': ""{'dessert': False, 'latenight': False, 'lunch': False, 'dinner': False, 'brunch': False, 'breakfast': False}"", 'Ambience': ""{'touristy': False, 'hipster': False, 'romantic': False, 'divey': False, 'intimate': False, 'trendy': False, 'upscale': False, 'classy': False, 'casual': False}""}",Restaurants,,,,
rUqWq9jO9xtiRlDWItCdkg,Bistro Juliana,2723 E Cumberland St,Philadelphia,PA,19125,39.975071,-75.118352,4.0,14,0,"{'OutdoorSeating': 'True', 'RestaurantsDelivery': 'False', 'BusinessParking': ""{'garage': False, 'street': True, 'validated': False, 'lot': False, 'valet': False}"", 'RestaurantsAttire': ""u'casual'"", 'RestaurantsGoodForGroups': 'True', 'BusinessAcceptsCreditCards': 'True', 'Alcohol': ""'none'"", 'RestaurantsTakeOut': 'True', 'RestaurantsPriceRange2': '2', 'RestaurantsReservations': 'False', 'GoodForKids': 'True'}",Restaurants,,,,
mfPb0TXKnhfjjvhbHBB-zw,Cannon's Restaurants,4141 Saint Charles Ave,New Orleans,LA,70115,29.926972,-90.0995949,3.5,8,0,"{'RestaurantsGoodForGroups': 'True', 'RestaurantsDelivery': 'False', 'OutdoorSeating': 'False', 'BusinessAcceptsCreditCards': 'True', 'GoodForKids': 'True', 'BusinessParking': ""{'garage': False, 'street': False, 'validated': False, 'lot': True, 'valet': False}"", 'RestaurantsAttire': ""u'casual'"", 'RestaurantsReservations': 'True', 'RestaurantsPriceRange2': '3', 'Alcohol': ""u'full_bar'""}",Restaurants,,,,
ULAfzCa_T3IeaUAhhASJMw,A & A Steaks,6301 Haverford Ave,Philadelphia,PA,19151,39.9720589,-75.2451829,3.5,5,1,"{'RestaurantsPriceRange2': '1', 'RestaurantsGoodForGroups': 'True', 'RestaurantsTakeOut': 'True', 'WiFi': ""u'no'"", 'BusinessAcceptsCreditCards': 'False', 'BikeParking': 'True', 'Alcohol': ""u'none'"", 'OutdoorSeating': 'False', 'GoodForKids': 'True', 'RestaurantsDelivery': 'False', 'BusinessParking': ""{'garage': False, 'street': False, 'validated': False, 'lot': False, 'valet': False}"", 'RestaurantsReservations': 'False', 'NoiseLevel': ""u'average'"", 'RestaurantsAttire': ""u'casual'"", 'Caters': 'False', 'Ambience': ""{u'divey': None, u'hipster': None, u'casual': None, u'touristy': False, u'trendy': None, u'intimate': None, u'romantic': None, u'classy': None, u'upscale': None}"", 'HasTV': 'True'}",Restaurants,,,,
GGrs0XI9zOcvxSRQFZQxxg,B J's Family Restaurant,2522 Highway 49 E,Pleasant View,TN,37146,36.3952084,-87.0347666,3.0,21,0,"{'WiFi': ""u'no'"", 'Ambience': ""{'romantic': False, 'intimate': False, 'touristy': False, 'hipster': False, 'divey': False, 'classy': False, 'trendy': False, 'upscale': False, 'casual': False}"", 'NoiseLevel': ""u'quiet'"", 'GoodForKids': 'True', 'OutdoorSeating': 'False', 'RestaurantsReservations': 'False', 'HasTV': 'False', 'RestaurantsGoodForGroups': 'True', 'BusinessAcceptsCreditCards': 'False', 'Alcohol': ""u'none'"", 'BusinessParking': ""{'garage': False, 'street': False, 'validated': False, 'lot': True, 'valet': False}"", 'BikeParking': 'True', 'RestaurantsDelivery': 'False', 'RestaurantsPriceRange2': '1', 'Caters': 'False', 'RestaurantsAttire': ""u'casual'"", 'RestaurantsTakeOut': 'True'}",Restaurants,,,,
oWmOaNeTRQ_mblz5lIVyAQ,Ninety Nine Restaurant,675 Shannondell Blvd,Audubon,PA,19403,40.128055,-75.406589,2.5,7,0,"{'BusinessParking': ""{'garage': False, 'street': False, 'validated': False, 'lot': True, 'valet': False}"", 'OutdoorSeating': 'False', 'GoodForKids': 'True', 'Alcohol': ""'full_bar'"", 'RestaurantsReservations': 'False', 'RestaurantsTakeOut': 'False', 'RestaurantsAttire': ""'casual'"", 'RestaurantsGoodForGroups': 'True', 'RestaurantsDelivery': 'False', 'RestaurantsPriceRange2': '2', 'BusinessAcceptsCreditCards': 'True'}",Restaurants,"{'Monday': '11:30-23:0', 'Tuesday': '11:30-23:0', 'Wednesday': '11:30-23:0', 'Thursday': '11:30-0:0', 'Friday': '11:30-0:0', 'Saturday': '11:30-0:0'}",,,
N6voFZCDOutPeOgbx8LI_w,Bob Evans Restaurant,2180 N US Highway 67,Florissant,MO,63033,38.8020712,-90.3121024,2.5,7,0,"{'BikeParking': 'False', 'RestaurantsDelivery': 'False', 'RestaurantsPriceRange2': '1', 'RestaurantsTakeOut': 'True', 'GoodForKids': 'True', 'RestaurantsAttire': ""u'casual'"", 'HasTV': 'False', 'OutdoorSeating': 'False', 'BusinessAcceptsCreditCards': 'True', 'Ambience': ""{'romantic': False, 'intimate': False, 'classy': False, 'hipster': False, 'divey': False, 'touristy': False, 'trendy': False, 'upscale': False, 'casual': False}"", 'RestaurantsReservations': 'False', 'RestaurantsGoodForGroups': 'True'}",Restaurants,,,,
2lzcB7p5YlBimh4vfr6Fpw,Chaucer's Tabard Inn,1946 Lombard St,Philadelphia,PA,19146,39.9456566,-75.1747555,3.5,8,0,"{'RestaurantsReservations': 'False', 'Alcohol': ""u'full_bar'"", 'BusinessAcceptsCreditCards': 'True', 'RestaurantsPriceRange2': '2', 'RestaurantsAttire': ""'casual'"", 'RestaurantsGoodForGroups': 'True', 'OutdoorSeating': 'False', 'BusinessParking': ""{'garage': False, 'street': False, 'validated': False, 'lot': False, 'valet': False}"", 'GoodForKids': 'False', 'BYOBCorkage': ""'no'""}",Restaurants,,,,
S9_PXayTpJB7264emkYwDw,Master Wok,"2500 W Moreland Rd, Ste 3054",Willow Grove,PA,19090,40.1401265,-75.1234566,4.0,11,1,"{'BusinessAcceptsCreditCards': 'True', 'RestaurantsGoodForGroups': 'True', 'GoodForKids': 'True', 'RestaurantsAttire': ""'casual'"", 'GoodForMeal': ""{'dessert': False, 'latenight': False, 'lunch': False, 'dinner': False, 'brunch': False, 'breakfast': False}"", 'Ambience': ""{'touristy': False, 'hipster': False, 'romantic': False, 'divey': False, 'intimate': False, 'trendy': False, 'upscale': False, 'classy': False, 'casual': False}"", 'RestaurantsPriceRange2': '1', 'RestaurantsTakeOut': 'True', 'RestaurantsDelivery': 'False', 'RestaurantsReservations': 'False', 'HasTV': 'True'}",Restaurants,,,,
ioOw0m7uBsDpUTAHOrKAnQ,Piccadilly Cafeteria,11810 N Dale Mabry Hwy,Tampa,FL,33618,28.056895,-82.505311,3.5,6,0,"{'Ambience': ""{'romantic': False, 'intimate': False, 'classy': False, 'hipster': False, 'divey': False, 'touristy': False, 'trendy': False, 'upscale': False, 'casual': False}"", 'Alcohol': ""u'none'"", 'RestaurantsAttire': ""u'casual'"", 'OutdoorSeating': 'False', 'BusinessAcceptsCreditCards': 'True', 'RestaurantsReservations': 'False', 'RestaurantsGoodForGroups': 'True', 'HasTV': 'False', 'NoiseLevel': ""u'quiet'"", 'RestaurantsPriceRange2': '1', 'GoodForKids': 'True', 'RestaurantsDelivery': 'False', 'RestaurantsTakeOut': 'True', 'BusinessParking': ""{'garage': False, 'street': False, 'validated': False, 'lot': False, 'valet': False}""}",Restaurants,,,,
GQue4Nouo2Mg5R2GotVS7w,Big Yellow House,108 Pierpont Rd,Summerland,CA,93067,34.421675,-119.602687,4.5,10,0,"{'RestaurantsAttire': ""'casual'"", 'OutdoorSeating': 'True'}",Restaurants,,,,
T3Mi0mrqTFZi9jSmKVxr4A,Bistro Americana,690 Haddon Ave,Collingswood,NJ,08108,39.9163332,-75.069373,2.0,7,0,"{'Alcohol': ""u'none'"", 'RestaurantsPriceRange2': '2', 'OutdoorSeating': 'False', 'RestaurantsReservations': 'True', 'BusinessAcceptsCreditCards': 'True', 'GoodForKids': 'False', 'RestaurantsAttire': ""u'casual'"", 'BusinessParking': ""{'garage': False, 'street': False, 'validated': False, 'lot': False, 'valet': False}""}",Restaurants,,,,
QNpFZ8OKF5VQl2jit7sTlQ,Penn Steak & Fries,Coventry Mall,Pottstown,PA,19464,40.234382,-75.666722,5.0,11,1,"{'RestaurantsTakeOut': 'True', 'RestaurantsDelivery': 'False', 'RestaurantsReservations': 'False', 'GoodForKids': 'True', 'BusinessAcceptsCreditCards': 'False'}",Restaurants,,,,
awPjFtkoQN2rixTv1J04Pg,Baladas Bistro,200 N 9th St,Saint Louis,MO,63101,38.6281007,-90.1938168,3.5,8,0,"{'RestaurantsGoodForGroups': 'False', 'Alcohol': ""u'none'"", 'OutdoorSeating': 'True', 'RestaurantsAttire': ""u'casual'"", 'BusinessParking': ""{'garage': False, 'street': False, 'validated': False, 'lot': False, 'valet': False}"", 'RestaurantsReservations': 'False', 'RestaurantsPriceRange2': '1', 'RestaurantsDelivery': 'True', 'BusinessAcceptsCreditCards': 'True', 'RestaurantsTakeOut': 'True'}",Restaurants,,,,
IFDSkUDx2Ta39ktw4-Lg2A,Calgary Trail Noodle House Restaurant,5730 104 Street NW,Edmonton,AB,T6H 2K2,53.494891,-113.4980976,4.0,12,1,"{'BusinessParking': ""{'garage': False, 'street': False, 'validated': False, 'lot': False, 'valet': False}""}",Restaurants,,,,
UcThXwCOpIgYL60qDIMT-g,Kebab Gyros,212 4th Ave N,Nashville,TN,37219,36.1643272,-86.7788884,3.0,10,1,"{'RestaurantsDelivery': 'False', 'GoodForKids': 'True', 'BusinessAcceptsCreditCards': 'True', 'Alcohol': ""u'none'"", 'WiFi': ""'no'"", 'Ambience': ""{'romantic': False, 'intimate': False, 'touristy': False, 'hipster': False, 'divey': False, 'classy': False, 'trendy': False, 'upscale': False, 'casual': False}"", 'BusinessParking': ""{'garage': False, 'street': False, 'validated': False, 'lot': False, 'valet': False}"", 'RestaurantsPriceRange2': '1', 'HasTV': 'True', 'RestaurantsTakeOut': 'True', 'RestaurantsGoodForGroups': 'True', 'NoiseLevel': ""u'quiet'"", 'OutdoorSeating': 'False', 'RestaurantsAttire': ""u'casual'"", 'RestaurantsReservations': 'False'}",Restaurants,,,,
vGfLtdrt2UsY12cdc4KTxg,McNally's Neighborhood Grill,923 72nd St N,Saint Petersburg,FL,33710,27.7815172,-82.7371545,4.5,5,0,"{'RestaurantsPriceRange2': '1', 'RestaurantsDelivery': 'False', 'BusinessAcceptsCreditCards': 'True', 'OutdoorSeating': 'False', 'GoodForKids': 'False', 'RestaurantsAttire': ""'casual'"", 'Alcohol': ""'full_bar'"", 'Ambience': ""{'romantic': False, 'intimate': False, 'classy': False, 'hipster': False, 'divey': False, 'touristy': False, 'trendy': False, 'upscale': False, 'casual': False}"", 'RestaurantsTakeOut': 'True', 'RestaurantsGoodForGroups': 'True', 'RestaurantsReservations': 'False', 'BikeParking': 'True', 'WiFi': ""'no'"", 'HasTV': 'True'}",Restaurants,,,,
eiS5KCPo3dzWOzSmn7K5eg,Red Sky Cafe,1661 N Swan Rd Ste 120,Tucson,AZ,85712,32.2431759,-110.8933786,2.5,6,0,{'RestaurantsPriceRange2': '3'},Restaurants,,,,
AsU6VQwwGvb7_EYfPI6a7Q,Hardee's of Mt Juliet,11061 Lebanon Rd,Mount Juliet,TN,37122,36.231493,-86.510577,2.0,5,1,"{'RestaurantsPriceRange2': '1', 'RestaurantsReservations': 'False', 'RestaurantsGoodForGroups': 'True', 'RestaurantsAttire': ""'casual'"", 'OutdoorSeating': 'False', 'RestaurantsTakeOut': 'True', 'BusinessAcceptsCreditCards': 'True', 'RestaurantsDelivery': 'True', 'GoodForKids': 'True', 'DriveThru': 'True'}",Restaurants,,,,
fnBed4KujoeHBhZpI__MVg,Tucson's Southwest Grill,13563 Icot Blvd,Clearwater,FL,33760,27.8950021,-82.7150719,3.5,5,0,"{'BusinessAcceptsCreditCards': 'True', 'RestaurantsGoodForGroups': 'True', 'RestaurantsPriceRange2': '2', 'BusinessParking': ""{'garage': False, 'street': False, 'validated': False, 'lot': False, 'valet': False}"", 'GoodForKids': 'True', 'RestaurantsDelivery': 'False', 'Alcohol': ""u'full_bar'"", 'RestaurantsAttire': ""u'casual'"", 'OutdoorSeating': 'True'}",Restaurants,,,,
EpZ-A5y3s8tFa10aqJFetA,Thai Bu Ree,13441 Olive Blvd,Chesterfield,MO,63017,38.6803337,-90.4962735,3.5,6,0,"{'RestaurantsAttire': ""u'casual'"", 'RestaurantsPriceRange2': '1', 'RestaurantsTakeOut': 'True', 'BusinessAcceptsCreditCards': 'True', 'OutdoorSeating': 'False', 'BusinessParking': ""{'garage': False, 'street': False, 'validated': False, 'lot': False, 'valet': False}""}",Restaurants,,,,
wEWy_NbtwcgNY2dKEmnACA,Rocks,801 State St,Santa Barbara,CA,93101,34.4195375,-119.6996149,2.5,8,0,"{'GoodForKids': 'False', 'RestaurantsReservations': 'True', 'BusinessAcceptsCreditCards': 'True', 'OutdoorSeating': 'True', 'RestaurantsPriceRange2': '3', 'RestaurantsAttire': ""'dressy'"", 'RestaurantsGoodForGroups': 'False', 'BusinessParking': ""{'garage': False, 'street': False, 'validated': False, 'lot': False, 'valet': False}""}",Restaurants,,,,
ZwP94ZmUx7J8xMJZBp2ZWg,Richard's on 50th,13020-50 St,Edmonton,AB,T5A 4V9,53.591416100000004,-113.4179484,3.0,5,1,"{'Ambience': ""{'romantic': False, 'intimate': False, 'classy': False, 'hipster': False, 'divey': False, 'touristy': False, 'trendy': False, 'upscale': False, 'casual': False}"", 'NoiseLevel': ""u'average'"", 'RestaurantsGoodForGroups': 'False', 'BusinessParking': ""{'garage': False, 'street': False, 'validated': False, 'lot': False, 'valet': False}"", 'RestaurantsAttire': ""u'casual'"", 'RestaurantsReservations': 'False', 'HasTV': 'True', 'BikeParking': 'False', 'WiFi': ""'no'"", 'OutdoorSeating': 'False', 'RestaurantsTakeOut': 'True', 'GoodForKids': 'False', 'RestaurantsDelivery': 'True', 'RestaurantsPriceRange2': '2'}",Restaurants,,,,
BV9qbgExWLPT2j-_w5zoNA,Yummy Diner,34 N 52nd St,Philadelphia,PA,19139,39.9611001,-75.2248974,4.5,6,1,"{'WiFi': ""'no'"", 'RestaurantsGoodForGroups': 'False', 'GoodForKids': 'True', 'RestaurantsTakeOut': 'True', 'RestaurantsDelivery': 'False', 'RestaurantsAttire': ""'casual'"", 'BikeParking': 'False', 'RestaurantsPriceRange2': '1', 'OutdoorSeating': 'False', 'BusinessAcceptsCreditCards': 'False', 'RestaurantsReservations': 'False', 'Ambience': ""{'romantic': False, 'intimate': False, 'classy': False, 'hipster': False, 'divey': False, 'touristy': False, 'trendy': False, 'upscale': False, 'casual': False}"", 'Caters': 'False', 'GoodForMeal': ""{'dessert': False, 'latenight': False, 'lunch': False, 'dinner': False, 'brunch': False, 'breakfast': False}"", 'HasTV': 'True', 'NoiseLevel': ""'average'"", 'BusinessParking': ""{'garage': False, 'street': False, 'validated': False, 'lot': False, 'valet': False}""}",Restaurants,,,,
LoxaLZyS7WfY0l2odvwfFQ,Mr Sub,13256 137 Avenue NW,Edmonton,AB,T5L 4Z6,53.6000762,-113.5502086,3.5,5,1,"{'RestaurantsDelivery': 'False', 'RestaurantsGoodForGroups': 'True', 'RestaurantsTakeOut': 'True', 'RestaurantsAttire': ""'casual'"", 'Ambience': ""{'touristy': False, 'hipster': False, 'romantic': False, 'intimate': False, 'trendy': False, 'upscale': False, 'classy': False, 'casual': False}"", 'RestaurantsReservations': 'False', 'GoodForMeal': ""{'dessert': False, 'latenight': False, 'lunch': False, 'dinner': False, 'brunch': False, 'breakfast': False}"", 'GoodForKids': 'True', 'RestaurantsPriceRange2': '1'}",Restaurants,,,,
M-pk27jv_kVkvW4L92P3ZQ,Bluepoint Kitchen & Bar,2905 E Skyline Dr,Tucson,AZ,85718,32.3247418,-110.9301132,4.0,10,0,"{'RestaurantsAttire': ""u'casual'"", 'GoodForKids': 'True', 'OutdoorSeating': 'True', 'RestaurantsGoodForGroups': 'True', 'RestaurantsTakeOut': 'True', 'RestaurantsReservations': 'True', 'BusinessAcceptsCreditCards': 'True', 'RestaurantsDelivery': 'False', 'BusinessParking': ""{'garage': False, 'street': False, 'validated': False, 'lot': False, 'valet': False}"", 'RestaurantsPriceRange2': '2', 'Alcohol': ""'full_bar'"", 'HappyHour': 'True'}",Restaurants,,,,
RZP_xMARY9JFOXB42JAIxA,Aziza's Restaurant,2825 Marne Hwy,Hainesport,NJ,08036,39.980614,-74.85404,4.0,22,1,"{'OutdoorSeating': 'False', 'BusinessParking': ""{'garage': False, 'street': False, 'validated': False, 'lot': False, 'valet': False}"", 'RestaurantsPriceRange2': '1', 'GoodForKids': 'True', 'RestaurantsAttire': ""'casual'"", 'Alcohol': ""u'none'"", 'RestaurantsTakeOut': 'True', 'RestaurantsReservations': 'False', 'RestaurantsGoodForGroups': 'True', 'RestaurantsDelivery': 'False', 'BusinessAcceptsCreditCards': 'True', 'WiFi': ""'no'"", 'HasTV': 'True', 'BikeParking': 'True', 'Ambience': ""{u'divey': None, u'hipster': False, u'casual': None, u'touristy': False, u'trendy': False, u'intimate': None, u'romantic': None, u'classy': False, u'upscale': None}"", 'NoiseLevel': ""u'average'"", 'GoodForMeal': ""{'dessert': False, 'latenight': False, 'lunch': False, 'dinner': False, 'brunch': False, 'breakfast': True}""}",Restaurants,,,,
j9YvgjesIwLMCBGqDw4TUQ,Iguana Cafe,210 E Congress St,Tucson,AZ,85701,32.2218831,-110.9683082,3.0,13,1,"{'RestaurantsPriceRange2': '1', 'BusinessAcceptsCreditCards': 'True', 'NoiseLevel': ""u'average'"", 'Alcohol': ""'beer_and_wine'"", 'RestaurantsReservations': 'False', 'BusinessParking': ""{'garage': False, 'street': False, 'validated': False, 'lot': False, 'valet': False}"", 'HasTV': 'True', 'OutdoorSeating': 'False', 'RestaurantsTakeOut': 'True', 'RestaurantsAttire': ""'casual'"", 'RestaurantsGoodForGroups': 'False', 'Ambience': ""{'touristy': False, 'hipster': False, 'romantic': False, 'divey': True, 'intimate': False, 'trendy': False, 'upscale': False, 'classy': False, 'casual': False}"", 'GoodForKids': 'False', 'Caters': 'False', 'BikeParking': 'False', 'RestaurantsDelivery': 'True'}",Restaurants,,,,
ZynowAYBV6-mBBJb7dWN8w,Hummingbird Diner,1530 E Wadsworth Ave,Philadelphia,PA,19150,40.0795109,-75.173133,3.5,19,1,"{'RestaurantsPriceRange2': '2', 'Alcohol': ""u'none'"", 'GoodForKids': 'True', 'RestaurantsGoodForGroups': 'False', 'RestaurantsAttire': ""u'casual'"", 'RestaurantsTakeOut': 'True', 'BusinessParking': ""{'garage': False, 'street': True, 'validated': False, 'lot': False, 'valet': False}"", 'BusinessAcceptsCreditCards': 'True', 'RestaurantsReservations': 'False', 'OutdoorSeating': 'False', 'NoiseLevel': ""'average'"", 'GoodForMeal': ""{'dessert': False, 'latenight': False, 'lunch': True, 'dinner': True, 'brunch': False, 'breakfast': False}"", 'BikeParking': 'True', 'HasTV': 'True', 'Ambience': ""{'romantic': False, 'intimate': False, 'classy': False, 'hipster': False, 'divey': False, 'touristy': False, 'trendy': False, 'upscale': False, 'casual': False}"", 'WiFi': ""'free'"", 'RestaurantsDelivery': 'False'}",Restaurants,,,,
egFo1PkGkKM-lPli61raiA,El Provocon Restaurant II,141 W Wyoming Ave,Philadelphia,PA,19140,40.0220092,-75.1261474,4.0,7,1,"{'NoiseLevel': ""u'average'"", 'RestaurantsTakeOut': 'True'}",Restaurants,,,,
Xd-TPD-US7tYSWt44tvD1w,St Rose Tavern,11760 River Rd,Saint Rose,LA,70087,29.9427855,-90.3210236,4.0,10,0,"{'NoiseLevel': ""u'average'"", 'GoodForKids': 'True', 'RestaurantsPriceRange2': '1', 'BusinessParking': ""{'garage': False, 'street': False, 'validated': False, 'lot': False, 'valet': False}"", 'RestaurantsAttire': ""u'casual'"", 'RestaurantsTakeOut': 'True', 'RestaurantsGoodForGroups': 'True', 'BusinessAcceptsCreditCards': 'True', 'RestaurantsReservations': 'True', 'Alcohol': ""u'full_bar'"", 'HasTV': 'True', 'Ambience': ""{'romantic': False, 'intimate': False, 'touristy': False, 'hipster': False, 'divey': True, 'classy': False, 'trendy': False, 'upscale': False, 'casual': False}"", 'OutdoorSeating': 'False'}",Restaurants,"{'Monday': '12:0-22:0', 'Tuesday': '12:0-22:0', 'Wednesday': '12:0-22:0', 'Thursday': '12:0-22:0', 'Friday': '12:0-22:0', 'Saturday': '12:0-22:0', 'Sunday': '12:0-22:0'}",XZARsYMqjgGAewTFv1uSZw,,inside
yOAZ47U67aDUwDXMrnv8UQ,Spaghetti Warehouse,1026 Spring Garden St,Philadelphia,PA,19123,39.961406,-75.155349,2.0,29,0,"{'GoodForKids': 'True', 'RestaurantsTakeOut': 'True', 'RestaurantsGoodForGroups': 'True', 'BusinessAcceptsCreditCards': 'True', 'OutdoorSeating': 'False', 'RestaurantsReservations': 'True', 'RestaurantsAttire': ""'casual'"", 'RestaurantsPriceRange2': '2', 'RestaurantsDelivery': 'True', 'BusinessParking': ""{'garage': False, 'street': True, 'validated': False, 'lot': True, 'valet': False}"", 'Alcohol': ""u'full_bar'"", 'HasTV': 'True', 'WiFi': ""u'paid'"", 'BikeParking': 'True', 'Ambience': ""{'romantic': False, 'intimate': False, 'classy': False, 'hipster': False, 'divey': False, 'touristy': False, 'trendy': False, 'upscale': False, 'casual': False}"", 'NoiseLevel': ""u'very_loud'"", 'Caters': 'False'}",Restaurants,,bcaSUv6vKFFjYl2OWG-unQ,(photographed by Dave Hong),outside
hRfqCBrTGgbC2Qrl8f-yhQ,Jaritza's Restaurant,2206 Federal St,Camden,NJ,08105,39.945509,-75.0920269,4.0,9,1,"{'RestaurantsTakeOut': 'True', 'BusinessParking': ""{'garage': False, 'street': False, 'validated': False, 'lot': False, 'valet': False}"", 'NoiseLevel': ""u'average'"", 'RestaurantsReservations': 'False', 'HasTV': 'True', 'Ambience': ""{'romantic': False, 'intimate': False, 'classy': False, 'hipster': False, 'divey': False, 'touristy': False, 'trendy': False, 'upscale': False, 'casual': False}"", 'RestaurantsPriceRange2': '2', 'RestaurantsAttire': ""u'casual'"", 'RestaurantsDelivery': 'True', 'GoodForKids': 'True', 'RestaurantsGoodForGroups': 'True', 'BusinessAcceptsCreditCards': 'True', 'BikeParking': 'False'}",Restaurants,,,,
yhx1hIne1Wr-9v4EMdziRw,Chuck's Cafe,1980 N Olden Avenue Ext,Trenton,NJ,08618,40.2526527,-74.78838089999999,3.0,10,1,"{'BusinessAcceptsCreditCards': 'True', 'RestaurantsAttire': ""'casual'"", 'RestaurantsReservations': 'False', 'RestaurantsTakeOut': 'True', 'BusinessParking': ""{'garage': False, 'street': False, 'validated': False, 'lot': False, 'valet': False}"", 'NoiseLevel': ""u'average'"", 'GoodForMeal': ""{'dessert': False, 'latenight': False, 'lunch': False, 'dinner': False, 'brunch': False, 'breakfast': False}"", 'RestaurantsGoodForGroups': 'True'}",Restaurants,,,,
mOs27lvpjjBZV1H3VBMMZA,Café Isabella,733 Briley Pkwy,Nashville,TN,37217,36.1420683,-86.7010653,2.0,12,0,"{'GoodForKids': 'True', 'NoiseLevel': ""u'quiet'"", 'RestaurantsDelivery': 'False', 'RestaurantsReservations': 'True', 'HasTV': 'False', 'RestaurantsGoodForGroups': 'True', 'RestaurantsTakeOut': 'True', 'RestaurantsAttire': ""u'casual'"", 'Ambience': ""{'touristy': False, 'hipster': False, 'romantic': False, 'divey': False, 'intimate': False, 'trendy': False, 'upscale': False, 'classy': False, 'casual': False}"", 'GoodForMeal': ""{'dessert': False, 'latenight': False, 'lunch': False, 'dinner': False, 'brunch': False, 'breakfast': False}"", 'BusinessParking': ""{'garage': False, 'street': False, 'validated': False, 'lot': False, 'valet': False}"", 'RestaurantsPriceRange2': '2', 'BusinessAcceptsCreditCards': 'True', 'OutdoorSeating': 'True'}",Restaurants,,,,
WSQLBEThq-XI-h7FlgxFuQ,Old Town Buffet,401 Route 38,Moorestown,NJ,08057,39.9467686,-74.9669128,2.5,8,0,"{'Ambience': ""{'romantic': False, 'intimate': False, 'touristy': False, 'hipster': False, 'divey': False, 'classy': False, 'trendy': False, 'upscale': False, 'casual': True}"", 'Alcohol': ""u'none'"", 'HasTV': 'False', 'BusinessParking': ""{'garage': False, 'street': False, 'validated': False, 'lot': True, 'valet': False}"", 'BusinessAcceptsCreditCards': 'True', 'RestaurantsAttire': ""u'casual'"", 'WiFi': ""u'no'"", 'RestaurantsDelivery': 'False', 'RestaurantsPriceRange2': '2', 'RestaurantsReservations': 'True', 'OutdoorSeating': 'False', 'RestaurantsTakeOut': 'True', 'RestaurantsGoodForGroups': 'True', 'Caters': 'False', 'GoodForKids': 'True', 'NoiseLevel': ""u'average'""}",Restaurants,,,,
sk11RFNogbE0axZUIDBRHw,Los Mezquites,2341-2399 W Drexel Rd,Tucson,AZ,85746,32.1482243038,-111.0174401477,5.0,11,1,"{'RestaurantsReservations': 'False', 'RestaurantsTakeOut': 'True', 'BusinessParking': ""{'garage': False, 'street': False, 'validated': False, 'lot': True, 'valet': False}"", 'Ambience': ""{'touristy': False, 'hipster': False, 'romantic': False, 'divey': False, 'intimate': False, 'trendy': False, 'upscale': False, 'classy': False, 'casual': False}"", 'RestaurantsAttire': ""'casual'"", 'RestaurantsDelivery': 'True'}",Restaurants,"{'Monday': '11:0-22:0', 'Wednesday': '11:0-22:0', 'Thursday': '11:0-22:0', 'Friday': '11:0-23:0', 'Saturday': '11:0-23:0', 'Sunday': '11:0-17:0'}",JuRg1UPmAFJxRwupV-xh4A,,food
sk11RFNogbE0axZUIDBRHw,Los Mezquites,2341-2399 W Drexel Rd,Tucson,AZ,85746,32.1482243038,-111.0174401477,5.0,11,1,"{'RestaurantsReservations': 'False', 'RestaurantsTakeOut': 'True', 'BusinessParking': ""{'garage': False, 'street': False, 'validated': False, 'lot': True, 'valet': False}"", 'Ambience': ""{'touristy': False, 'hipster': False, 'romantic': False, 'divey': False, 'intimate': False, 'trendy': False, 'upscale': False, 'classy': False, 'casual': False}"", 'RestaurantsAttire': ""'casual'"", 'RestaurantsDelivery': 'True'}",Restaurants,"{'Monday': '11:0-22:0', 'Wednesday': '11:0-22:0', 'Thursday': '11:0-22:0', 'Friday': '11:0-23:0', 'Saturday': '11:0-23:0', 'Sunday': '11:0-17:0'}",hTS6VRYK6F8aMYAnYxUNFQ,Platillo para banquetes,food
2INVBDZ45z4Tbg3VtdDyTg,Pacific Wave,211 2nd St S,Saint Petersburg,FL,33701,27.7693413,-82.6355183,4.0,8,0,"{'RestaurantsAttire': ""'casual'"", 'BusinessParking': ""{'garage': False, 'street': True, 'validated': False, 'lot': False, 'valet': False}"", 'BusinessAcceptsCreditCards': 'True', 'RestaurantsDelivery': 'False', 'RestaurantsTakeOut': 'False', 'RestaurantsReservations': 'True', 'RestaurantsGoodForGroups': 'True', 'RestaurantsPriceRange2': '3', 'OutdoorSeating': 'True', 'GoodForKids': 'False', 'Alcohol': ""'full_bar'""}",Restaurants,,,,
Wy6zB1iqOUTnnIjg68oiTg,P & P Restaurants,4621 S Kingshighway Blvd,Saint Louis,MO,63109,38.5863902,-90.2768608,1.0,11,1,"{'Caters': 'False', 'NoiseLevel': ""u'average'"", 'HasTV': 'True', 'Alcohol': ""u'none'"", 'BusinessAcceptsCreditCards': 'True', 'RestaurantsAttire': ""u'casual'"", 'GoodForKids': 'True', 'OutdoorSeating': 'False', 'RestaurantsReservations': 'False', 'RestaurantsPriceRange2': '1', 'RestaurantsDelivery': 'False', 'WiFi': ""u'free'""}",Restaurants,,,,
8D5ods6WefFYk2fB18a94A,Natural Fact Deli,"20 Allen Avenue, Ste 130",Saint Louis,MO,63119,38.593926,-90.360912,4.5,6,0,"{'RestaurantsGoodForGroups': 'True', 'BusinessParking': ""{'garage': False, 'street': False, 'validated': False, 'lot': True, 'valet': False}"", 'OutdoorSeating': 'True', 'GoodForKids': 'True', 'RestaurantsAttire': ""'casual'"", 'RestaurantsTakeOut': 'True', 'BusinessAcceptsCreditCards': 'True', 'RestaurantsPriceRange2': '1'}",Restaurants,,Niywr4iQrAiVJD66OUGjSQ,,outside
TxYxXvC5RcRRCYR6rbJgEQ,Aspen,747 N 25th St,Philadelphia,PA,19130,39.9687798,-75.1781543,4.0,7,0,"{'BusinessAcceptsCreditCards': 'True', 'Alcohol': ""u'full_bar'"", 'OutdoorSeating': 'False', 'RestaurantsGoodForGroups': 'True', 'RestaurantsAttire': ""u'casual'"", 'RestaurantsTakeOut': 'False', 'RestaurantsPriceRange2': '2', 'RestaurantsReservations': 'False', 'RestaurantsDelivery': 'False', 'BusinessParking': ""{'garage': False, 'street': True, 'validated': False, 'lot': False, 'valet': False}""}",Restaurants,,,,
2s5h1TMhYPdRUUNcQFr3WA,California Cafe,160 N Gulph Rd,King of Prussia,PA,19406,40.0893932,-75.3860311,3.5,16,0,"{'OutdoorSeating': 'False', 'RestaurantsGoodForGroups': 'True', 'RestaurantsDelivery': 'False', 'GoodForKids': 'True', 'BusinessParking': ""{'garage': False, 'street': False, 'validated': False, 'lot': False, 'valet': False}"", 'RestaurantsReservations': 'True', 'RestaurantsAttire': ""'casual'"", 'Alcohol': ""'full_bar'"", 'RestaurantsTakeOut': 'True', 'BusinessAcceptsCreditCards': 'True', 'RestaurantsPriceRange2': '2'}",Restaurants,"{'Monday': '11:0-22:0', 'Tuesday': '11:0-22:0', 'Wednesday': '11:0-22:0', 'Thursday': '11:0-22:0', 'Friday': '11:0-22:30', 'Saturday': '11:0-22:30', 'Sunday': '11:0-20:0'}",xrxna_4Omgxlprhz_qTFKA,,inside
2s5h1TMhYPdRUUNcQFr3WA,California Cafe,160 N Gulph Rd,King of Prussia,PA,19406,40.0893932,-75.3860311,3.5,16,0,"{'OutdoorSeating': 'False', 'RestaurantsGoodForGroups': 'True', 'RestaurantsDelivery': 'False', 'GoodForKids': 'True', 'BusinessParking': ""{'garage': False, 'street': False, 'validated': False, 'lot': False, 'valet': False}"", 'RestaurantsReservations': 'True', 'RestaurantsAttire': ""'casual'"", 'Alcohol': ""'full_bar'"", 'RestaurantsTakeOut': 'True', 'BusinessAcceptsCreditCards': 'True', 'RestaurantsPriceRange2': '2'}",Restaurants,"{'Monday': '11:0-22:0', 'Tuesday': '11:0-22:0', 'Wednesday': '11:0-22:0', 'Thursday': '11:0-22:0', 'Friday': '11:0-22:30', 'Saturday': '11:0-22:30', 'Sunday': '11:0-20:0'}",-cM6T6gvAQYSlDsOwFgCWA,Salad with Berries,food
2s5h1TMhYPdRUUNcQFr3WA,California Cafe,160 N Gulph Rd,King of Prussia,PA,19406,40.0893932,-75.3860311,3.5,16,0,"{'OutdoorSeating': 'False', 'RestaurantsGoodForGroups': 'True', 'RestaurantsDelivery': 'False', 'GoodForKids': 'True', 'BusinessParking': ""{'garage': False, 'street': False, 'validated': False, 'lot': False, 'valet': False}"", 'RestaurantsReservations': 'True', 'RestaurantsAttire': ""'casual'"", 'Alcohol': ""'full_bar'"", 'RestaurantsTakeOut': 'True', 'BusinessAcceptsCreditCards': 'True', 'RestaurantsPriceRange2': '2'}",Restaurants,"{'Monday': '11:0-22:0', 'Tuesday': '11:0-22:0', 'Wednesday': '11:0-22:0', 'Thursday': '11:0-22:0', 'Friday': '11:0-22:30', 'Saturday': '11:0-22:30', 'Sunday': '11:0-20:0'}",U4hQuJCONL48KUGSYz2oaA,Beet Salad,food
2s5h1TMhYPdRUUNcQFr3WA,California Cafe,160 N Gulph Rd,King of Prussia,PA,19406,40.0893932,-75.3860311,3.5,16,0,"{'OutdoorSeating': 'False', 'RestaurantsGoodForGroups': 'True', 'RestaurantsDelivery': 'False', 'GoodForKids': 'True', 'BusinessParking': ""{'garage': False, 'street': False, 'validated': False, 'lot': False, 'valet': False}"", 'RestaurantsReservations': 'True', 'RestaurantsAttire': ""'casual'"", 'Alcohol': ""'full_bar'"", 'RestaurantsTakeOut': 'True', 'BusinessAcceptsCreditCards': 'True', 'RestaurantsPriceRange2': '2'}",Restaurants,"{'Monday': '11:0-22:0', 'Tuesday': '11:0-22:0', 'Wednesday': '11:0-22:0', 'Thursday': '11:0-22:0', 'Friday': '11:0-22:30', 'Saturday': '11:0-22:30', 'Sunday': '11:0-20:0'}",3rwT87KAhP9jx0ncWZqtHQ,(photographed by Dave Hong),inside
2s5h1TMhYPdRUUNcQFr3WA,California Cafe,160 N Gulph Rd,King of Prussia,PA,19406,40.0893932,-75.3860311,3.5,16,0,"{'OutdoorSeating': 'False', 'RestaurantsGoodForGroups': 'True', 'RestaurantsDelivery': 'False', 'GoodForKids': 'True', 'BusinessParking': ""{'garage': False, 'street': False, 'validated': False, 'lot': False, 'valet': False}"", 'RestaurantsReservations': 'True', 'RestaurantsAttire': ""'casual'"", 'Alcohol': ""'full_bar'"", 'RestaurantsTakeOut': 'True', 'BusinessAcceptsCreditCards': 'True', 'RestaurantsPriceRange2': '2'}",Restaurants,"{'Monday': '11:0-22:0', 'Tuesday': '11:0-22:0', 'Wednesday': '11:0-22:0', 'Thursday': '11:0-22:0', 'Friday': '11:0-22:30', 'Saturday': '11:0-22:30', 'Sunday': '11:0-20:0'}",PtHNo-9iaJ3gR5W9Le4tKg,Liquid Therapy Cocktail,drink
2s5h1TMhYPdRUUNcQFr3WA,California Cafe,160 N Gulph Rd,King of Prussia,PA,19406,40.0893932,-75.3860311,3.5,16,0,"{'OutdoorSeating': 'False', 'RestaurantsGoodForGroups': 'True', 'RestaurantsDelivery': 'False', 'GoodForKids': 'True', 'BusinessParking': ""{'garage': False, 'street': False, 'validated': False, 'lot': False, 'valet': False}"", 'RestaurantsReservations': 'True', 'RestaurantsAttire': ""'casual'"", 'Alcohol': ""'full_bar'"", 'RestaurantsTakeOut': 'True', 'BusinessAcceptsCreditCards': 'True', 'RestaurantsPriceRange2': '2'}",Restaurants,"{'Monday': '11:0-22:0', 'Tuesday': '11:0-22:0', 'Wednesday': '11:0-22:0', 'Thursday': '11:0-22:0', 'Friday': '11:0-22:30', 'Saturday': '11:0-22:30', 'Sunday': '11:0-20:0'}",gDP7K6_ss9Ffo8M5fXMS_g,Dessert,food
2s5h1TMhYPdRUUNcQFr3WA,California Cafe,160 N Gulph Rd,King of Prussia,PA,19406,40.0893932,-75.3860311,3.5,16,0,"{'OutdoorSeating': 'False', 'RestaurantsGoodForGroups': 'True', 'RestaurantsDelivery': 'False', 'GoodForKids': 'True', 'BusinessParking': ""{'garage': False, 'street': False, 'validated': False, 'lot': False, 'valet': False}"", 'RestaurantsReservations': 'True', 'RestaurantsAttire': ""'casual'"", 'Alcohol': ""'full_bar'"", 'RestaurantsTakeOut': 'True', 'BusinessAcceptsCreditCards': 'True', 'RestaurantsPriceRange2': '2'}",Restaurants,"{'Monday': '11:0-22:0', 'Tuesday': '11:0-22:0', 'Wednesday': '11:0-22:0', 'Thursday': '11:0-22:0', 'Friday': '11:0-22:30', 'Saturday': '11:0-22:30', 'Sunday': '11:0-20:0'}",5LNaL7dKiBgEDYxCL8HuHQ,Calamari,food
2s5h1TMhYPdRUUNcQFr3WA,California Cafe,160 N Gulph Rd,King of Prussia,PA,19406,40.0893932,-75.3860311,3.5,16,0,"{'OutdoorSeating': 'False', 'RestaurantsGoodForGroups': 'True', 'RestaurantsDelivery': 'False', 'GoodForKids': 'True', 'BusinessParking': ""{'garage': False, 'street': False, 'validated': False, 'lot': False, 'valet': False}"", 'RestaurantsReservations': 'True', 'RestaurantsAttire': ""'casual'"", 'Alcohol': ""'full_bar'"", 'RestaurantsTakeOut': 'True', 'BusinessAcceptsCreditCards': 'True', 'RestaurantsPriceRange2': '2'}",Restaurants,"{'Monday': '11:0-22:0', 'Tuesday': '11:0-22:0', 'Wednesday': '11:0-22:0', 'Thursday': '11:0-22:0', 'Friday': '11:0-22:30', 'Saturday': '11:0-22:30', 'Sunday': '11:0-20:0'}",eUXV5xYPz8hGySQ8X2nWLA,Liquid Therapy Cocktail,drink
Rx6d8NSWTdOt9Nd8QWjfZw,Two Street Cafe,901 Market St,Philadelphia,PA,19107,39.9517142,-75.1557198,3.5,7,1,"{'Alcohol': ""u'full_bar'"", 'RestaurantsTakeOut': 'True', 'BusinessParking': ""{'garage': False, 'street': False, 'validated': False, 'lot': False, 'valet': False}"", 'GoodForKids': 'False', 'RestaurantsGoodForGroups': 'True', 'HasTV': 'True', 'RestaurantsPriceRange2': '1', 'NoiseLevel': ""u'quiet'"", 'RestaurantsReservations': 'False', 'RestaurantsAttire': ""u'casual'"", 'OutdoorSeating': 'False', 'RestaurantsDelivery': 'False', 'Caters': 'False', 'Ambience': ""{'romantic': False, 'intimate': False, 'touristy': False, 'hipster': False, 'divey': False, 'classy': False, 'trendy': False, 'upscale': False, 'casual': False}"", 'BusinessAcceptsCreditCards': 'True', 'WiFi': ""u'no'"", 'HappyHour': 'True'}",Restaurants,,,,
d51ICeLySgnQhSRpWJC-pQ,Ventana Mexican Kitchen,"6875 E Sunrise Dr, #101",Tucson,AZ,85750,32.3088617,-110.8454964,2.0,5,0,"{'BusinessAcceptsCreditCards': 'True', 'GoodForKids': 'True', 'RestaurantsTakeOut': 'True'}",Restaurants,"{'Monday': '11:0-21:0', 'Tuesday': '11:0-21:0', 'Wednesday': '11:0-21:0', 'Thursday': '11:0-21:0', 'Friday': '11:0-21:0', 'Saturday': '11:0-21:0', 'Sunday': '11:0-21:0'}",,,
bzwAvqNRfGV9Ud80FUD2sQ,Jade Horse Restaurant,48 E Fairview Ave,Meridian,ID,83642,43.6195626,-116.391735,3.5,7,0,,Restaurants,,,,
la8nNJ28dWLFwPUypxmqow,Burger King,3612 Lincoln Hwy,Coatesville,PA,19320,39.9953663224,-75.7481616027,1.5,6,0,"{'RestaurantsAttire': ""u'casual'"", 'RestaurantsDelivery': 'False', 'RestaurantsPriceRange2': '1', 'OutdoorSeating': 'False', 'BikeParking': 'False'}",Restaurants,,,,
pVlnQR2D76mhffB2Tyz_Yw,Lotus Oriental Restaurant,148 Route 73 N,Marlton,NJ,08053,39.8974,-74.929883,3.5,7,0,"{'RestaurantsTakeOut': 'True', 'BusinessAcceptsCreditCards': 'True', 'RestaurantsPriceRange2': '2', 'OutdoorSeating': 'False', 'RestaurantsReservations': 'True', 'BusinessParking': ""{'garage': False, 'street': False, 'validated': False, 'lot': False, 'valet': False}"", 'Alcohol': ""u'none'"", 'RestaurantsDelivery': 'False', 'GoodForKids': 'True', 'RestaurantsAttire': ""u'casual'"", 'RestaurantsGoodForGroups': 'True'}",Restaurants,,,,
FT-KmQ16bP_7PBTZerjPVA,Cafe Nora,1300 E 86th St,Indianapolis,IN,46240,39.9137588,-86.1370606,3.5,6,0,"{'RestaurantsDelivery': 'False', 'RestaurantsAttire': ""u'casual'"", 'BusinessParking': ""{'garage': False, 'street': False, 'validated': False, 'lot': False, 'valet': False}"", 'RestaurantsPriceRange2': '2', 'BusinessAcceptsCreditCards': 'True', 'GoodForKids': 'False', 'RestaurantsReservations': 'True', 'OutdoorSeating': 'True'}",Restaurants,,,,
IbTNmJq8P2lyvRCPyQ5VbA,Louies At Stones Crossing,2800 S State Rd 135,Greenwood,IN,46143,39.5746233,-86.1589527,3.0,19,0,"{'RestaurantsPriceRange2': '2', 'OutdoorSeating': 'True', 'RestaurantsTakeOut': 'True', 'BusinessParking': ""{'garage': False, 'street': False, 'validated': False, 'lot': True, 'valet': False}"", 'RestaurantsGoodForGroups': 'True', 'BikeParking': 'True', 'GoodForKids': 'True', 'RestaurantsDelivery': 'False', 'BusinessAcceptsCreditCards': 'True', 'RestaurantsAttire': ""u'casual'"", 'Alcohol': ""u'full_bar'"", 'NoiseLevel': ""u'average'"", 'Ambience': ""{'romantic': False, 'intimate': False, 'classy': False, 'hipster': False, 'divey': False, 'touristy': False, 'trendy': False, 'upscale': False, 'casual': True}"", 'RestaurantsReservations': 'False', 'HasTV': 'True'}",Restaurants,,aGHrzWpPYr4Xb-OnHVR4SQ,,outside
qorP71PbY0aDchI4lbkTNg,Time Out Sports Bar & Grill,110 White Horse Pike,Oaklyn,NJ,08107,39.906537900000004,-75.0809626,4.0,8,1,"{'WiFi': ""'no'"", 'BusinessAcceptsCreditCards': 'True', 'OutdoorSeating': 'True', 'GoodForKids': 'True', 'HasTV': 'True', 'RestaurantsGoodForGroups': 'True', 'RestaurantsPriceRange2': '2', 'RestaurantsAttire': ""'casual'""}",Restaurants,,,,
ADVW2S9Ucm6UrKSxLOXpxA,Saute,775 S Front St,Philadelphia,PA,19147,39.937879,-75.1445339,4.0,25,0,"{'GoodForKids': 'False', 'OutdoorSeating': 'True', 'RestaurantsTakeOut': 'True', 'Alcohol': ""u'beer_and_wine'"", 'RestaurantsDelivery': 'False', 'BusinessAcceptsCreditCards': 'True', 'RestaurantsAttire': ""u'casual'"", 'RestaurantsPriceRange2': '2', 'BusinessParking': ""{'garage': False, 'street': True, 'validated': False, 'lot': False, 'valet': False}"", 'RestaurantsReservations': 'True', 'RestaurantsGoodForGroups': 'True'}",Restaurants,"{'Tuesday': '17:0-21:0', 'Wednesday': '17:0-21:0', 'Thursday': '17:0-21:0', 'Friday': '17:0-22:0', 'Saturday': '17:0-22:0', 'Sunday': '17:0-21:0'}",,,
_UQboRjXotzBhwsbfn6puQ,Juniper Grill,1928 S 12th St,Saint Louis,MO,63104,38.6087553,-90.2090967,4.5,7,0,"{'RestaurantsReservations': 'True', 'RestaurantsPriceRange2': '2', 'BusinessParking': ""{'garage': False, 'street': False, 'validated': False, 'lot': False, 'valet': False}"", 'BusinessAcceptsCreditCards': 'True', 'RestaurantsGoodForGroups': 'True', 'RestaurantsTakeOut': 'True', 'OutdoorSeating': 'True', 'Corkage': 'True', 'BYOBCorkage': ""'yes_corkage'"", 'RestaurantsAttire': ""'casual'"", 'RestaurantsDelivery': 'False'}",Restaurants,,,,
-PkchovDBosOtZx4XLatVw,Naceville Hotel,2038 Ridge Rd,Sellersville,PA,18960,40.351698999999996,-75.3721194,3.5,15,1,"{'Alcohol': ""u'full_bar'"", 'RestaurantsReservations': 'True', 'BusinessAcceptsCreditCards': 'True', 'RestaurantsAttire': ""u'casual'"", 'GoodForKids': 'False', 'RestaurantsPriceRange2': '2', 'WiFi': ""u'no'"", 'NoiseLevel': ""u'average'"", 'RestaurantsDelivery': 'False', 'RestaurantsGoodForGroups': 'True', 'HasTV': 'True', 'Ambience': ""{'touristy': False, 'hipster': False, 'romantic': False, 'divey': False, 'intimate': False, 'trendy': False, 'upscale': False, 'classy': True, 'casual': False}"", 'BusinessParking': ""{'garage': None, 'street': None, 'validated': None, 'lot': True, 'valet': False}"", 'RestaurantsTakeOut': 'True'}",Restaurants,,,,
ngNnqSeyTy9qCln6CCkGyg,Cafe Terra Cotta,3500 E Sunrise Dr,Tucson,AZ,85718,32.3196465,-110.9189568,3.5,7,0,"{'RestaurantsTakeOut': 'False', 'RestaurantsAttire': ""'casual'"", 'GoodForKids': 'True', 'RestaurantsPriceRange2': '3'}",Restaurants,,,,
o0AG9SfwVaZ00cURT7Q-Ag,Ruby's Diner,601 Paseo Nuevo,Santa Barbara,CA,93101,34.4189482,-119.69974,3.5,5,0,"{'RestaurantsAttire': ""u'casual'"", 'WiFi': ""u'no'"", 'RestaurantsPriceRange2': '2', 'BusinessAcceptsCreditCards': 'True', 'BusinessParking': ""{'garage': False, 'street': False, 'validated': False, 'lot': False, 'valet': False}"", 'Alcohol': ""u'beer_and_wine'"", 'RestaurantsGoodForGroups': 'False', 'NoiseLevel': ""u'average'"", 'RestaurantsTakeOut': 'True', 'Ambience': ""{'romantic': False, 'intimate': False, 'touristy': False, 'hipster': False, 'divey': False, 'classy': False, 'trendy': False, 'upscale': False, 'casual': False}"", 'GoodForKids': 'True', 'RestaurantsDelivery': 'False', 'RestaurantsReservations': 'False', 'HasTV': 'False'}",Restaurants,,,,
ndXTjLUGO7_Mjm8PVSbsLQ,Castaways Restaurant the,7720 W Courtney Cmpbll Cswy,Tampa,FL,33607,27.9675285,-82.5729151,2.5,9,0,"{'RestaurantsDelivery': 'False', 'Alcohol': ""'full_bar'"", 'RestaurantsPriceRange2': '2', 'BusinessAcceptsCreditCards': 'True', 'RestaurantsReservations': 'True', 'RestaurantsAttire': ""'casual'"", 'GoodForKids': 'True', 'RestaurantsGoodForGroups': 'True', 'BusinessParking': ""{'garage': False, 'street': False, 'validated': False, 'lot': True, 'valet': False}"", 'RestaurantsTakeOut': 'True', 'OutdoorSeating': 'True'}",Restaurants,,,,
Hlzn3A-B2-Q1xj3FHe_D0A,Jake's Cottage Cuisine Cafe,2911 De La Vina St,Santa Barbara,CA,93105,34.43743,-119.727446,3.5,8,0,"{'RestaurantsAttire': ""u'casual'"", 'BusinessAcceptsCreditCards': 'True', 'RestaurantsReservations': 'False', 'Alcohol': ""u'full_bar'"", 'BusinessParking': ""{'garage': False, 'street': False, 'validated': False, 'lot': False, 'valet': False}"", 'RestaurantsDelivery': 'False', 'GoodForKids': 'True', 'RestaurantsTakeOut': 'True', 'OutdoorSeating': 'True', 'RestaurantsPriceRange2': '1', 'RestaurantsGoodForGroups': 'True'}",Restaurants,,SmF0cTQZnXW8fuXtr30nHg,,food
7IoEVMWgTFjjaYG02eQAsw,China Garden,3904 Britton Plz,Tampa,FL,33611,27.9064538,-82.5042108,3.0,19,1,"{'GoodForKids': 'True', 'Alcohol': ""u'beer_and_wine'"", 'BusinessParking': ""{'garage': False, 'street': False, 'validated': False, 'lot': False, 'valet': False}"", 'RestaurantsAttire': ""u'casual'"", 'RestaurantsGoodForGroups': 'True', 'OutdoorSeating': 'False', 'RestaurantsReservations': 'False', 'RestaurantsPriceRange2': '1', 'RestaurantsTakeOut': 'True', 'BusinessAcceptsCreditCards': 'True', 'BikeParking': 'False', 'RestaurantsDelivery': 'False', 'NoiseLevel': ""u'average'"", 'Ambience': ""{'romantic': False, 'intimate': False, 'touristy': False, 'hipster': False, 'divey': False, 'classy': False, 'trendy': False, 'upscale': False, 'casual': True}"", 'WiFi': ""'no'"", 'HasTV': 'True', 'Caters': 'False'}",Restaurants,,,,
mEMcdzVzuSX34TXRKG83iA,King Wok Restaurant,13631 Philmont Ave,Philadelphia,PA,19116,40.1314848,-75.0107537,3.5,18,1,"{'RestaurantsTakeOut': 'True', 'RestaurantsGoodForGroups': 'True', 'BusinessAcceptsCreditCards': 'True', 'RestaurantsDelivery': 'True', 'OutdoorSeating': 'False', 'Ambience': ""{'romantic': False, 'intimate': False, 'touristy': False, 'hipster': False, 'divey': False, 'classy': False, 'trendy': False, 'upscale': False, 'casual': False}"", 'RestaurantsPriceRange2': '1', 'BusinessParking': ""{'garage': False, 'street': False, 'validated': False, 'lot': False, 'valet': False}"", 'Alcohol': ""u'none'"", 'RestaurantsAttire': ""u'casual'""}",Restaurants,,,,
UGk0rMvK3jKsls43TYRZ1g,Brocato's Eat Dat,8480 Morrison Rd,New Orleans,LA,70127,30.0360343,-89.9942648,4.0,5,0,"{'GoodForKids': 'True', 'RestaurantsReservations': 'False', 'Alcohol': ""u'none'"", 'RestaurantsTakeOut': 'True', 'BusinessParking': ""{'garage': False, 'street': False, 'validated': False, 'lot': False, 'valet': False}""}",Restaurants,,,,
PjM3l8M_ViW0264mrzuSlg,Gayle,617 S 3rd St,Philadelphia,PA,19147,39.9409344,-75.1476183,4.5,18,0,"{'RestaurantsPriceRange2': '3', 'BusinessParking': ""{'garage': False, 'street': True, 'validated': False, 'lot': False, 'valet': False}"", 'RestaurantsTakeOut': 'False', 'RestaurantsGoodForGroups': 'True', 'GoodForKids': 'False', 'RestaurantsAttire': ""'casual'"", 'Corkage': 'True', 'BusinessAcceptsCreditCards': 'True', 'BYOBCorkage': ""'yes_corkage'"", 'OutdoorSeating': 'True', 'RestaurantsDelivery': 'False', 'RestaurantsReservations': 'True', 'Alcohol': ""u'full_bar'""}",Restaurants,,,,
NR4ymv_qlMVzsC6CKiq8fA,Shank & Evelyn's Frankies At Night Eclipse Cafe,932 S 10th St,Philadelphia,PA,19147,39.938326,-75.1597731,4.5,5,0,"{'BusinessParking': ""{'garage': False, 'street': False, 'validated': False, 'lot': False, 'valet': False}"", 'BYOBCorkage': ""'yes_free'"", 'RestaurantsAttire': ""u'casual'"", 'BusinessAcceptsCreditCards': 'False', 'RestaurantsGoodForGroups': 'False', 'RestaurantsTakeOut': 'True', 'OutdoorSeating': 'False', 'Alcohol': ""'none'"", 'RestaurantsReservations': 'False', 'GoodForKids': 'True', 'RestaurantsPriceRange2': '1', 'RestaurantsDelivery': 'False'}",Restaurants,,,,
yezrPF5W9KBm-JI9ZeudNg,Black Olive,7122 Germantown Ave,Philadelphia,PA,19119,40.058735,-75.190115,3.5,8,0,"{'BusinessAcceptsCreditCards': 'True', 'OutdoorSeating': 'False', 'BusinessParking': ""{'garage': False, 'street': False, 'validated': False, 'lot': False, 'valet': False}"", 'Alcohol': ""u'none'"", 'RestaurantsReservations': 'False', 'RestaurantsGoodForGroups': 'True', 'RestaurantsPriceRange2': '2', 'GoodForKids': 'True', 'RestaurantsAttire': ""u'casual'""}",Restaurants,,,,
7df9-CFW6u1HkxAi_S-BJw,Long Wongs,2500 E 6th St,Tucson,AZ,85716,32.227633,-110.9351184,4.0,5,0,"{'BusinessAcceptsCreditCards': 'True', 'RestaurantsPriceRange2': '1', 'Alcohol': ""u'beer_and_wine'"", 'BusinessParking': ""{'garage': False, 'street': False, 'validated': False, 'lot': False, 'valet': False}"", 'RestaurantsGoodForGroups': 'True', 'BYOBCorkage': ""'yes_free'"", 'RestaurantsTakeOut': 'True', 'OutdoorSeating': 'True', 'RestaurantsReservations': 'False', 'Corkage': 'False', 'GoodForKids': 'False', 'RestaurantsAttire': ""'casual'"", 'RestaurantsDelivery': 'False'}",Restaurants,,,,
-SGvS9V0Yc5Ler2HrgtYJw,Lindy's Steak House,12249 W Chinden Blvd,Boise,ID,83713,43.6620371,-116.3362615,3.0,56,1,"{'HasTV': 'True', 'RestaurantsGoodForGroups': 'True', 'BusinessAcceptsCreditCards': 'True', 'RestaurantsAttire': ""u'casual'"", 'Alcohol': ""u'full_bar'"", 'NoiseLevel': ""u'quiet'"", 'OutdoorSeating': 'False', 'GoodForKids': 'True', 'WiFi': ""u'free'"", 'BikeParking': 'True', 'RestaurantsReservations': 'False', 'BusinessParking': ""{'garage': False, 'street': None, 'validated': False, 'lot': True, 'valet': False}"", 'RestaurantsPriceRange2': '2', 'RestaurantsDelivery': 'False', 'RestaurantsTakeOut': 'True', 'Ambience': ""{'touristy': False, 'hipster': False, 'romantic': False, 'divey': True, 'intimate': False, 'trendy': False, 'upscale': False, 'classy': False, 'casual': True}"", 'RestaurantsTableService': 'True', 'Caters': 'True', 'GoodForMeal': ""{'dessert': False, 'latenight': None, 'lunch': True, 'dinner': True, 'brunch': None, 'breakfast': False}""}",Restaurants,,LJSMUZAi4du0aelBK2W29Q,,inside
vw-xE1CJ9fYRSPu9Iy9mdA,China Marble Restaurant,2809 Mill Woods Road NW,Edmonton,AB,T6K 4A9,53.4591,-113.447451,3.0,8,1,{'Caters': 'True'},Restaurants,,,,
0CennNWmhiYdSOEkGr7vkw,Pan Tai Restaurant,837 N Union St,Wilmington,DE,19805,39.753554,-75.570426,1.5,6,0,"{'Alcohol': ""u'full_bar'"", 'RestaurantsTakeOut': 'True', 'BusinessAcceptsCreditCards': 'True', 'BusinessParking': ""{'garage': False, 'street': False, 'validated': False, 'lot': False, 'valet': False}"", 'GoodForKids': 'True', 'RestaurantsDelivery': 'False', 'OutdoorSeating': 'False', 'RestaurantsAttire': ""u'casual'"", 'RestaurantsGoodForGroups': 'True', 'RestaurantsReservations': 'True', 'RestaurantsPriceRange2': '2'}",Restaurants,,,,
YinVjl_e8croGmeUK8hRkA,Cheers Cafe,2601 E Westmoreland St,Philadelphia,PA,19134,39.9868416,-75.1010248,5.0,6,1,"{'GoodForMeal': ""{'dessert': False, 'latenight': False, 'lunch': False, 'dinner': False, 'brunch': False, 'breakfast': False}"", 'Ambience': ""{'touristy': False, 'hipster': False, 'romantic': False, 'divey': False, 'intimate': False, 'trendy': False, 'upscale': False, 'classy': False, 'casual': False}"", 'BusinessParking': ""{'garage': False, 'street': False, 'validated': False, 'lot': False, 'valet': False}"", 'GoodForKids': 'False', 'RestaurantsReservations': 'False', 'RestaurantsTakeOut': 'True', 'RestaurantsGoodForGroups': 'False', 'HasTV': 'True', 'RestaurantsDelivery': 'False'}",Restaurants,,,,
P2cRfpQQoxNTGyON6yu4nw,Uglesich Restaurant & Bar,1238 Baronne St,New Orleans,LA,70113,29.9421284,-90.0767023,4.0,8,0,"{'BusinessAcceptsCreditCards': 'False', 'OutdoorSeating': 'False'}",Restaurants,,,,
eMAe0izoSWFxq8YIlpUREw,Coyote Crossing,102 Market Street,West Chester,PA,19382,39.9602346,-75.6031902,3.5,5,0,"{'RestaurantsPriceRange2': '3', 'RestaurantsReservations': 'True', 'RestaurantsTakeOut': 'True', 'BusinessAcceptsCreditCards': 'True', 'RestaurantsAttire': ""u'dressy'"", 'RestaurantsGoodForGroups': 'True', 'RestaurantsDelivery': 'False', 'OutdoorSeating': 'True', 'GoodForKids': 'False', 'BusinessParking': ""{'garage': False, 'street': False, 'validated': False, 'lot': False, 'valet': False}"", 'Alcohol': ""u'full_bar'""}",Restaurants,,,,
Sf0nVVa5QH70-Zam4MfexA,Bistreaux Metairie,3838 N Causeway Blvd,Metairie,LA,70002,30.0187222,-90.155074,3.5,12,1,"{'HasTV': 'True', 'RestaurantsAttire': ""'casual'"", 'RestaurantsTakeOut': 'True', 'RestaurantsDelivery': 'False', 'RestaurantsGoodForGroups': 'True', 'BikeParking': 'False', 'BusinessParking': ""{'garage': False, 'street': False, 'validated': False, 'lot': False, 'valet': False}"", 'Ambience': ""{'romantic': False, 'intimate': False, 'classy': False, 'hipster': False, 'divey': False, 'touristy': False, 'trendy': False, 'upscale': False, 'casual': False}"", 'Alcohol': ""u'full_bar'"", 'BusinessAcceptsCreditCards': 'True', 'GoodForKids': 'True', 'OutdoorSeating': 'False', 'RestaurantsPriceRange2': '2', 'RestaurantsReservations': 'False'}",Restaurants,,,,
MFidfzESn-oER7ve9mTX0g,The Great Wall,305 S Broadway,Camden,NJ,08103,39.9413678,-75.119545,4.5,5,1,"{'RestaurantsGoodForGroups': 'False', 'GoodForKids': 'True', 'RestaurantsReservations': 'False', 'RestaurantsTakeOut': 'True', 'BusinessAcceptsCreditCards': 'True'}",Restaurants,,,,
TIoyjP4MKS0Gg51EciC1QQ,Charlie Browns Steakhouse,1394 Little Gloucester Rd,Blackwood,NJ,08012,39.7944022,-75.0378512,3.5,5,0,"{'OutdoorSeating': 'False', 'RestaurantsGoodForGroups': 'True', 'RestaurantsAttire': ""u'casual'"", 'RestaurantsDelivery': 'False', 'BusinessParking': ""{'garage': False, 'street': False, 'validated': False, 'lot': False, 'valet': False}"", 'RestaurantsTakeOut': 'True', 'RestaurantsPriceRange2': '2', 'RestaurantsReservations': 'True', 'Alcohol': ""u'full_bar'"", 'GoodForKids': 'True', 'BusinessAcceptsCreditCards': 'True'}",Restaurants,,,,
i1pGM3unRHXWLr15yyeL9Q,Astral Plane,1708 Lombard Street,Philadelphia,PA,19146,39.9451614,-75.170498,4.0,9,0,"{'RestaurantsGoodForGroups': 'True', 'RestaurantsPriceRange2': '2', 'BusinessAcceptsCreditCards': 'True', 'RestaurantsReservations': 'True', 'RestaurantsAttire': ""'casual'"", 'GoodForKids': 'False', 'BusinessParking': ""{'garage': False, 'street': False, 'validated': False, 'lot': False, 'valet': False}""}",Restaurants,,,,
xEoAXOgrUOh-M1NUp6-Kaw,Buddha Lounge,1430 E 7th Ave,Tampa,FL,33605,27.960471,-82.443206,3.5,8,0,"{'BusinessAcceptsCreditCards': 'True', 'RestaurantsTakeOut': 'True', 'RestaurantsAttire': ""u'casual'"", 'RestaurantsGoodForGroups': 'True', 'Alcohol': ""u'full_bar'"", 'OutdoorSeating': 'True', 'RestaurantsPriceRange2': '3', 'GoodForKids': 'False'}",Restaurants,,,,
QNoFrASBpqW8dzdAEIYjNQ,The Brown Pelican,2981 Cliff Dr,Santa Barbara,CA,93109,34.4038207,-119.7436561,4.0,11,0,"{'BusinessParking': ""{'garage': False, 'street': False, 'validated': False, 'lot': False, 'valet': False}"", 'OutdoorSeating': 'True'}",Restaurants,,,,
4IvQU16RBKuLtpgx8yLqmQ,Hunan Palace,6118 Lancaster Ave,Philadelphia,PA,19151,39.9833884,-75.2442216,4.5,7,1,"{'RestaurantsGoodForGroups': 'True', 'RestaurantsAttire': ""u'casual'"", 'RestaurantsTakeOut': 'True', 'RestaurantsDelivery': 'True', 'BusinessParking': ""{'garage': False, 'street': False, 'validated': False, 'lot': False, 'valet': False}"", 'RestaurantsPriceRange2': '1', 'GoodForKids': 'True', 'RestaurantsReservations': 'False', 'Alcohol': ""u'none'"", 'Ambience': ""{'touristy': False, 'hipster': False, 'romantic': False, 'divey': False, 'intimate': False, 'trendy': False, 'upscale': False, 'classy': False, 'casual': False}""}",Restaurants,,,,
rdk3Q_YyWYVKo9vfOp0bkw,Jester Mardi Gras Cafe,730 Saint Peter St,New Orleans,LA,70116,29.958251,-90.065566,1.5,6,1,,Restaurants,,,,
YmvS3dxutT01_p7thyD8wg,Buca Di Beppo,11511 N Dale Mabry Hwy,Tampa,FL,33618,28.0538017,-82.5032773,4.0,5,0,"{'RestaurantsGoodForGroups': 'True', 'RestaurantsDelivery': 'False', 'BusinessAcceptsCreditCards': 'True', 'GoodForKids': 'True', 'RestaurantsPriceRange2': '2', 'RestaurantsAttire': ""'casual'"", 'RestaurantsReservations': 'True', 'BusinessParking': ""{'garage': False, 'street': False, 'validated': False, 'lot': False, 'valet': False}""}",Restaurants,,,,
Thv8LL0eq7ztsGw7F95Lww,Firkin & Friar,6958 E Tanque Verde Rd,Tucson,AZ,85715,32.250225,-110.843269,4.0,7,0,"{'RestaurantsGoodForGroups': 'True', 'RestaurantsReservations': 'True', 'RestaurantsAttire': ""u'casual'"", 'BusinessAcceptsCreditCards': 'True', 'OutdoorSeating': 'True', 'Alcohol': ""u'full_bar'"", 'GoodForKids': 'True', 'BusinessParking': ""{'garage': False, 'street': False, 'validated': False, 'lot': True, 'valet': False}"", 'RestaurantsDelivery': 'False', 'RestaurantsPriceRange2': '2'}",Restaurants,,,,
